episode,mujoco_reward,brax_reward
0,-10.134603463755857,42.45914428742253
