episode,mujoco_duration,brax_duration
0,0.06489038467407227,4.042062044143677
