episode,instance_0_reward,instance_1_reward
0,-10.134603463755857,42.45914428742253
