episode,mujoco_reward,brax_reward
0,-10.475936120315609,46.95390689823398
1,-7.501360620006129,48.96446888335777
2,-257.183802915586,-3784.870193582028
