episode,mujoco_duration,brax_duration
0,0.039200782775878906,5.907758712768555
1,0.03925681114196777,0.9497199058532715
2,0.048693180084228516,0.9438779354095459
